millis,stamp,datetime,motion
999,1566224118, 2019/8/19 14:15:18, Active
1999,1566224119, 2019/8/19 14:15:19, Active
2999,1566224120, 2019/8/19 14:15:20, Active
3999,1566224121, 2019/8/19 14:15:21, Active
4999,1566224122, 2019/8/19 14:15:22, Active
5999,1566224123, 2019/8/19 14:15:23, Active
7000,1566224124, 2019/8/19 14:15:24, Active
7999,1566224125, 2019/8/19 14:15:25, Active
8999,1566224126, 2019/8/19 14:15:26, Active
9999,1566224127, 2019/8/19 14:15:27, Active
10999,1566224128, 2019/8/19 14:15:28, Active
11999,1566224129, 2019/8/19 14:15:29, Active
12999,1566224130, 2019/8/19 14:15:30, Active
14000,1566224131, 2019/8/19 14:15:31, Active
14999,1566224132, 2019/8/19 14:15:32, Active
16000,1566224133, 2019/8/19 14:15:33, Active
16999,1566224134, 2019/8/19 14:15:34, Active
17999,1566224135, 2019/8/19 14:15:35, Active
18999,1566224136, 2019/8/19 14:15:36, Active
19999,1566224137, 2019/8/19 14:15:37, Active
20999,1566224138, 2019/8/19 14:15:38, Active
21998,1566224139, 2019/8/19 14:15:39, Active
22999,1566224140, 2019/8/19 14:15:40, Active
23998,1566224141, 2019/8/19 14:15:41, Active
24999,1566224142, 2019/8/19 14:15:42, Active
25999,1566224143, 2019/8/19 14:15:43, Active
26999,1566224144, 2019/8/19 14:15:44, Active
27999,1566224145, 2019/8/19 14:15:45, Active
28999,1566224146, 2019/8/19 14:15:46, Active
29999,1566224147, 2019/8/19 14:15:47, Active
30999,1566224148, 2019/8/19 14:15:48, Active
31998,1566224149, 2019/8/19 14:15:49, Active
32999,1566224150, 2019/8/19 14:15:50, Active
33999,1566224151, 2019/8/19 14:15:51, Active
34999,1566224152, 2019/8/19 14:15:52, Active
35998,1566224153, 2019/8/19 14:15:53, Active
36999,1566224154, 2019/8/19 14:15:54, Active
37999,1566224155, 2019/8/19 14:15:55, Active
39000,1566224156, 2019/8/19 14:15:56, Active
39999,1566224157, 2019/8/19 14:15:57, Active
40999,1566224158, 2019/8/19 14:15:58, Active
41999,1566224159, 2019/8/19 14:15:59, Active
42999,1566224160, 2019/8/19 14:16:0, Inactive
43999,1566224161, 2019/8/19 14:16:1, Inactive
44999,1566224162, 2019/8/19 14:16:2, Inactive
46000,1566224163, 2019/8/19 14:16:3, Inactive
46998,1566224164, 2019/8/19 14:16:4, Inactive
48000,1566224165, 2019/8/19 14:16:5, Inactive
48999,1566224166, 2019/8/19 14:16:6, Inactive
49999,1566224167, 2019/8/19 14:16:7, Inactive
50999,1566224168, 2019/8/19 14:16:8, Inactive
51999,1566224169, 2019/8/19 14:16:9, Inactive
52999,1566224170, 2019/8/19 14:16:10, Inactive
53999,1566224171, 2019/8/19 14:16:11, Inactive
54999,1566224172, 2019/8/19 14:16:12, Inactive
55999,1566224173, 2019/8/19 14:16:13, Inactive
56999,1566224174, 2019/8/19 14:16:14, Inactive
57999,1566224175, 2019/8/19 14:16:15, Inactive
58999,1566224176, 2019/8/19 14:16:16, Inactive
59999,1566224177, 2019/8/19 14:16:17, Inactive
60999,1566224178, 2019/8/19 14:16:18, Inactive
62000,1566224179, 2019/8/19 14:16:19, Inactive
62999,1566224180, 2019/8/19 14:16:20, Inactive
64000,1566224181, 2019/8/19 14:16:21, Inactive
64999,1566224182, 2019/8/19 14:16:22, Inactive
65999,1566224183, 2019/8/19 14:16:23, Inactive
66999,1566224184, 2019/8/19 14:16:24, Inactive
67999,1566224185, 2019/8/19 14:16:25, Inactive
68999,1566224186, 2019/8/19 14:16:26, Inactive
69999,1566224187, 2019/8/19 14:16:27, Inactive
71000,1566224188, 2019/8/19 14:16:28, Inactive
71999,1566224189, 2019/8/19 14:16:29, Inactive
72999,1566224190, 2019/8/19 14:16:30, Inactive
73999,1566224191, 2019/8/19 14:16:31, Inactive
74999,1566224192, 2019/8/19 14:16:32, Inactive
75999,1566224193, 2019/8/19 14:16:33, Inactive
76999,1566224194, 2019/8/19 14:16:34, Inactive
78000,1566224195, 2019/8/19 14:16:35, Inactive
78999,1566224196, 2019/8/19 14:16:36, Inactive
80000,1566224197, 2019/8/19 14:16:37, Inactive
80999,1566224198, 2019/8/19 14:16:38, Inactive
81999,1566224199, 2019/8/19 14:16:39, Inactive
82999,1566224200, 2019/8/19 14:16:40, Inactive
83999,1566224201, 2019/8/19 14:16:41, Active
85000,1566224202, 2019/8/19 14:16:42, Active
85999,1566224203, 2019/8/19 14:16:43, Active
86999,1566224204, 2019/8/19 14:16:44, Active
87998,1566224205, 2019/8/19 14:16:45, Active
88999,1566224206, 2019/8/19 14:16:46, Active
89999,1566224207, 2019/8/19 14:16:47, Active
90999,1566224208, 2019/8/19 14:16:48, Active
91999,1566224209, 2019/8/19 14:16:49, Active
92999,1566224210, 2019/8/19 14:16:50, Active
93999,1566224211, 2019/8/19 14:16:51, Active
94999,1566224212, 2019/8/19 14:16:52, Active
96000,1566224213, 2019/8/19 14:16:53, Active
96999,1566224214, 2019/8/19 14:16:54, Active
97999,1566224215, 2019/8/19 14:16:55, Active
98999,1566224216, 2019/8/19 14:16:56, Active
99999,1566224217, 2019/8/19 14:16:57, Active
100999,1566224218, 2019/8/19 14:16:58, Active
101999,1566224219, 2019/8/19 14:16:59, Active
103000,1566224220, 2019/8/19 14:17:0, Active
103999,1566224221, 2019/8/19 14:17:1, Active
104999,1566224222, 2019/8/19 14:17:2, Inactive
105999,1566224223, 2019/8/19 14:17:3, Inactive
106999,1566224224, 2019/8/19 14:17:4, Active
107999,1566224225, 2019/8/19 14:17:5, Inactive
108999,1566224226, 2019/8/19 14:17:6, Active
110000,1566224227, 2019/8/19 14:17:7, Active
110999,1566224228, 2019/8/19 14:17:8, Inactive
112000,1566224229, 2019/8/19 14:17:9, Inactive
112999,1566224230, 2019/8/19 14:17:10, Inactive
113999,1566224231, 2019/8/19 14:17:11, Inactive
114999,1566224232, 2019/8/19 14:17:12, Inactive
115999,1566224233, 2019/8/19 14:17:13, Inactive
116999,1566224234, 2019/8/19 14:17:14, Inactive
117999,1566224235, 2019/8/19 14:17:15, Inactive
118999,1566224236, 2019/8/19 14:17:16, Active
119999,1566224237, 2019/8/19 14:17:17, Active
120999,1566224238, 2019/8/19 14:17:18, Inactive
121999,1566224239, 2019/8/19 14:17:19, Inactive
122999,1566224240, 2019/8/19 14:17:20, Inactive
123999,1566224241, 2019/8/19 14:17:21, Inactive
124999,1566224242, 2019/8/19 14:17:22, Inactive
125999,1566224243, 2019/8/19 14:17:23, Active
126999,1566224244, 2019/8/19 14:17:24, Inactive
128000,1566224245, 2019/8/19 14:17:25, Inactive
128999,1566224246, 2019/8/19 14:17:26, Inactive
129999,1566224247, 2019/8/19 14:17:27, Inactive
130999,1566224248, 2019/8/19 14:17:28, Inactive
131999,1566224249, 2019/8/19 14:17:29, Inactive
132999,1566224250, 2019/8/19 14:17:30, Inactive
133999,1566224251, 2019/8/19 14:17:31, Inactive
134999,1566224252, 2019/8/19 14:17:32, Inactive
135999,1566224253, 2019/8/19 14:17:33, Inactive
136999,1566224254, 2019/8/19 14:17:34, Inactive
137999,1566224255, 2019/8/19 14:17:35, Inactive
138999,1566224256, 2019/8/19 14:17:36, Inactive
139999,1566224257, 2019/8/19 14:17:37, Inactive
140999,1566224258, 2019/8/19 14:17:38, Inactive
141999,1566224259, 2019/8/19 14:17:39, Inactive
142999,1566224260, 2019/8/19 14:17:40, Inactive
144000,1566224261, 2019/8/19 14:17:41, Inactive
144999,1566224262, 2019/8/19 14:17:42, Inactive
145999,1566224263, 2019/8/19 14:17:43, Inactive
146999,1566224264, 2019/8/19 14:17:44, Inactive
147999,1566224265, 2019/8/19 14:17:45, Inactive
149000,1566224266, 2019/8/19 14:17:46, Inactive
149999,1566224267, 2019/8/19 14:17:47, Inactive
151000,1566224268, 2019/8/19 14:17:48, Inactive
151999,1566224269, 2019/8/19 14:17:49, Inactive
152999,1566224270, 2019/8/19 14:17:50, Inactive
153999,1566224271, 2019/8/19 14:17:51, Inactive
154999,1566224272, 2019/8/19 14:17:52, Inactive
155999,1566224273, 2019/8/19 14:17:53, Inactive
156999,1566224274, 2019/8/19 14:17:54, Inactive
158000,1566224275, 2019/8/19 14:17:55, Inactive
158999,1566224276, 2019/8/19 14:17:56, Inactive
160000,1566224277, 2019/8/19 14:17:57, Inactive
160999,1566224278, 2019/8/19 14:17:58, Inactive
161999,1566224279, 2019/8/19 14:17:59, Inactive
162999,1566224280, 2019/8/19 14:18:0, Active
163999,1566224281, 2019/8/19 14:18:1, Active
164999,1566224282, 2019/8/19 14:18:2, Inactive
165999,1566224283, 2019/8/19 14:18:3, Inactive
166999,1566224284, 2019/8/19 14:18:4, Inactive
167999,1566224285, 2019/8/19 14:18:5, Inactive
168999,1566224286, 2019/8/19 14:18:6, Inactive
169999,1566224287, 2019/8/19 14:18:7, Inactive
170999,1566224288, 2019/8/19 14:18:8, Inactive
171999,1566224289, 2019/8/19 14:18:9, Inactive
172999,1566224290, 2019/8/19 14:18:10, Inactive
173999,1566224291, 2019/8/19 14:18:11, Inactive
174999,1566224292, 2019/8/19 14:18:12, Inactive
176000,1566224293, 2019/8/19 14:18:13, Inactive
176999,1566224294, 2019/8/19 14:18:14, Inactive
177999,1566224295, 2019/8/19 14:18:15, Inactive
178999,1566224296, 2019/8/19 14:18:16, Inactive
179999,1566224297, 2019/8/19 14:18:17, Inactive
180999,1566224298, 2019/8/19 14:18:18, Inactive
181998,1566224299, 2019/8/19 14:18:19, Inactive
183000,1566224300, 2019/8/19 14:18:20, Inactive
183999,1566224301, 2019/8/19 14:18:21, Inactive
184999,1566224302, 2019/8/19 14:18:22, Inactive
185999,1566224303, 2019/8/19 14:18:23, Inactive
186999,1566224304, 2019/8/19 14:18:24, Inactive
187999,1566224305, 2019/8/19 14:18:25, Inactive
188999,1566224306, 2019/8/19 14:18:26, Inactive
